id;name;created_at;updated_at
1;as ethical upliftingly;2025-09-14T07:53:07;2025-09-14T09:41:05
2;yet;2025-09-13T20:07:54;2025-09-14T05:23:45
3;untimely;2025-09-14T09:00:04;2025-09-14T04:44:39
4;dissemble mobility so;2025-09-13T18:21:24;2025-09-14T10:55:53
5;square gosh;2025-09-14T02:59:04;2025-09-13T21:19:45
6;ouch worth with;2025-09-14T10:55:15;2025-09-13T18:18:59
7;notarize supposing;2025-09-13T18:29:26;2025-09-14T03:10:28
8;low incandescence anenst;2025-09-14T12:34:24;2025-09-13T21:35:56
9;secularize casket oof;2025-09-14T10:05:25;2025-09-14T08:08:18
10;swing compete whenever;2025-09-14T05:08:27;2025-09-14T13:51:54
